2011-01-01T00:00:00,8,3,C001,76
2011-01-02T00:00:00,8,3,C001,112
2011-01-03T00:00:00,8,3,C001,112
2011-01-04T00:00:00,8,3,C001,87
2011-01-05T00:00:00,8,3,C001,112
2011-01-06T00:00:00,8,3,C001,112
2011-01-07T00:00:00,8,3,C001,75
2011-01-08T00:00:00,8,3,C001,112
2011-01-09T00:00:00,8,3,C001,112
2011-01-10T00:00:00,8,3,C001,87
2011-01-11T00:00:00,8,3,C001,112
2011-01-12T00:00:00,8,3,C001,112
2011-01-13T00:00:00,8,3,C001,82
2011-01-14T00:00:00,8,3,C001,112
2011-01-15T00:00:00,8,3,C001,112
2011-01-16T00:00:00,8,3,C001,84
2011-01-17T00:00:00,8,3,C001,112
2011-01-18T00:00:00,8,3,C001,112
2011-01-19T00:00:00,8,3,C001,90
2011-01-20T00:00:00,8,3,C001,112
2011-01-21T00:00:00,8,3,C001,112
2011-01-22T00:00:00,8,3,C001,96
2011-01-23T00:00:00,8,3,C001,112
2011-01-24T00:00:00,8,3,C001,112
2011-01-25T00:00:00,8,3,C001,78
2011-01-26T00:00:00,8,3,C001,112
2011-01-27T00:00:00,8,3,C001,112
2011-01-28T00:00:00,8,3,C001,76
2011-01-29T00:00:00,8,3,C001,112
2011-01-30T00:00:00,8,3,C001,112
2011-01-31T00:00:00,8,3,C001,85
2011-02-01T00:00:00,8,3,C001,101
2011-02-02T00:00:00,8,3,C001,112
2011-02-03T00:00:00,8,3,C001,74
2011-02-04T00:00:00,8,3,C001,112
2011-02-05T00:00:00,8,3,C001,112
2011-02-06T00:00:00,8,3,C001,86
2011-02-07T00:00:00,8,3,C001,112
2011-02-08T00:00:00,8,3,C001,112
2011-02-09T00:00:00,8,3,C001,87
2011-02-10T00:00:00,8,3,C001,112
2011-02-11T00:00:00,8,3,C001,112
2011-02-12T00:00:00,8,3,C001,74
2011-02-13T00:00:00,8,3,C001,112
2011-02-14T00:00:00,8,3,C001,112
2011-02-15T00:00:00,8,3,C001,96
2011-02-16T00:00:00,8,3,C001,112
2011-02-17T00:00:00,8,3,C001,112
2011-02-18T00:00:00,8,3,C001,67
2011-02-19T00:00:00,8,3,C001,112
2011-02-20T00:00:00,8,3,C001,112
2011-02-21T00:00:00,8,3,C001,67
2011-02-22T00:00:00,8,3,C001,112
2011-02-23T00:00:00,8,3,C001,112
2011-02-24T00:00:00,8,3,C001,95
2011-02-25T00:00:00,8,3,C001,112
2011-02-26T00:00:00,8,3,C001,112
2011-02-27T00:00:00,8,3,C001,101
2011-02-28T00:00:00,8,3,C001,112
2011-03-01T00:00:00,8,3,L001,2752
2011-03-02T00:00:00,8,3,L001,2720
2011-03-03T00:00:00,8,3,L001,3200
2011-03-04T00:00:00,8,3,L001,3200
2011-03-05T00:00:00,8,3,L001,2304
2011-03-06T00:00:00,8,3,L001,3200
2011-03-07T00:00:00,8,3,L001,3200
2011-03-08T00:00:00,8,3,L001,1984
2011-03-09T00:00:00,8,3,L001,3200
2011-03-10T00:00:00,8,3,L001,3200
2011-03-11T00:00:00,8,3,L001,2688
2011-03-12T00:00:00,8,3,L001,3200
2011-03-13T00:00:00,8,3,L001,3200
2011-03-14T00:00:00,8,3,L001,2496
2011-03-15T00:00:00,8,3,L001,3200
2011-03-16T00:00:00,8,3,L001,3200
2011-03-17T00:00:00,8,3,L001,2752
2011-03-18T00:00:00,8,3,L001,3200
2011-03-19T00:00:00,8,3,L001,3200
2011-03-20T00:00:00,8,3,L001,2400
2011-03-21T00:00:00,8,3,L001,3200
2011-03-22T00:00:00,8,3,L001,3200
2011-03-23T00:00:00,8,3,L001,2688
2011-03-24T00:00:00,8,3,L001,3200
2011-03-25T00:00:00,8,3,L001,3200
2011-03-26T00:00:00,8,3,L001,2656
2011-03-27T00:00:00,8,3,L001,3200
2011-03-28T00:00:00,8,3,L001,3200
2011-03-29T00:00:00,8,3,L001,2240
2011-03-30T00:00:00,8,3,L001,3200
2011-03-31T00:00:00,8,3,L001,3200
2011-04-01T00:00:00,8,3,L001,2422
2011-04-02T00:00:00,8,3,L001,3200
2011-04-03T00:00:00,8,3,L001,3200
2011-04-04T00:00:00,8,3,L001,2112
2011-04-05T00:00:00,8,3,L001,3200
2011-04-06T00:00:00,8,3,L001,3200
2011-04-07T00:00:00,8,3,L001,1920
2011-04-08T00:00:00,8,3,L001,3200
2011-04-09T00:00:00,8,3,L001,3200
2011-04-10T00:00:00,8,3,L001,2816
2011-04-11T00:00:00,8,3,L001,3200
2011-04-12T00:00:00,8,3,L001,3200
2011-04-13T00:00:00,8,3,L001,2240
2011-04-14T00:00:00,8,3,L001,3200
2011-04-15T00:00:00,8,3,L001,3200
2011-04-16T00:00:00,8,3,L001,2048
2011-04-17T00:00:00,8,3,L001,3200
2011-04-18T00:00:00,8,3,L001,3200
2011-04-19T00:00:00,8,3,L001,2112
2011-04-20T00:00:00,8,3,L001,3200
2011-04-21T00:00:00,8,3,L001,3200
2011-04-22T00:00:00,8,3,L001,2144
2011-04-23T00:00:00,8,3,L001,3200
2011-04-24T00:00:00,8,3,L001,3200
2011-04-25T00:00:00,8,3,L001,2784
2011-04-26T00:00:00,8,3,L001,3200
2011-04-27T00:00:00,8,3,L001,3200
2011-04-28T00:00:00,8,3,L001,2816
2011-04-29T00:00:00,8,3,L001,3200
2011-04-30T00:00:00,8,3,L001,3200
2011-05-01T00:00:00,8,3,L001,2140
2011-05-02T00:00:00,8,3,L001,3200
2011-05-03T00:00:00,8,3,L001,3200
2011-05-04T00:00:00,8,3,L001,1984
2011-05-05T00:00:00,8,3,L001,3200
2011-05-06T00:00:00,8,3,L001,3200
2011-05-07T00:00:00,8,3,L001,2080
2011-05-08T00:00:00,8,3,L001,3200
2011-05-09T00:00:00,8,3,L001,3200
2011-05-10T00:00:00,8,3,L001,2208
2011-05-11T00:00:00,8,3,L001,3200
2011-05-12T00:00:00,8,3,L001,3200
2011-05-13T00:00:00,8,3,L001,2720
2011-05-14T00:00:00,8,3,L001,3200
2011-05-15T00:00:00,8,3,L001,3200
2011-05-16T00:00:00,8,3,L001,2016
2011-05-17T00:00:00,8,3,L001,3200
2011-05-18T00:00:00,8,3,L001,3200
2011-05-19T00:00:00,8,3,L001,1920
2011-05-20T00:00:00,8,3,L001,3200
2011-05-21T00:00:00,8,3,L001,3200
2011-05-22T00:00:00,8,3,L001,2048
2011-05-23T00:00:00,8,3,L001,3200
2011-05-24T00:00:00,8,3,L001,3200
2011-05-25T00:00:00,8,3,L001,2592
2011-05-26T00:00:00,8,3,L001,3200
2011-05-27T00:00:00,8,3,L001,3200
2011-05-28T00:00:00,8,3,L001,2272
2011-05-29T00:00:00,8,3,L001,3200
2011-05-30T00:00:00,8,3,L001,3200
2011-05-31T00:00:00,8,3,L001,2080
2011-06-01T00:00:00,8,3,L002,2160
2011-06-02T00:00:00,8,3,L002,2400
2011-06-03T00:00:00,8,3,L002,1800
2011-06-04T00:00:00,8,3,L002,2400
2011-06-05T00:00:00,8,3,L002,2400
2011-06-06T00:00:00,8,3,L002,2136
2011-06-07T00:00:00,8,3,L002,2400
2011-06-08T00:00:00,8,3,L002,2400
2011-06-09T00:00:00,8,3,L002,1752
2011-06-10T00:00:00,8,3,L002,2400
2011-06-11T00:00:00,8,3,L002,2400
2011-06-12T00:00:00,8,3,L002,2112
2011-06-13T00:00:00,8,3,L002,2400
2011-06-14T00:00:00,8,3,L002,2400
2011-06-15T00:00:00,8,3,L002,1728
2011-06-16T00:00:00,8,3,L002,2400
2011-06-17T00:00:00,8,3,L002,2400
2011-06-18T00:00:00,8,3,L002,1968
2011-06-19T00:00:00,8,3,L002,2400
2011-06-20T00:00:00,8,3,L002,2400
2011-06-21T00:00:00,8,3,L002,1560
2011-06-22T00:00:00,8,3,L002,2400
2011-06-23T00:00:00,8,3,L002,2400
2011-06-24T00:00:00,8,3,L002,1752
2011-06-25T00:00:00,8,3,L002,2400
2011-06-26T00:00:00,8,3,L002,2400
2011-06-27T00:00:00,8,3,L002,1464
2011-06-28T00:00:00,8,3,L002,2400
2011-06-29T00:00:00,8,3,L002,2400
2011-06-30T00:00:00,8,3,L002,1752
2011-07-01T00:00:00,8,3,L002,2160
2011-07-02T00:00:00,8,3,L002,2400
2011-07-03T00:00:00,8,3,L002,1824
2011-07-04T00:00:00,8,3,L002,2400
2011-07-05T00:00:00,8,3,L002,2400
2011-07-06T00:00:00,8,3,L002,2160
2011-07-07T00:00:00,8,3,L002,2400
2011-07-08T00:00:00,8,3,L002,2400
2011-07-09T00:00:00,8,3,L002,1896
2011-07-10T00:00:00,8,3,L002,2400
2011-07-11T00:00:00,8,3,L002,2400
2011-07-12T00:00:00,8,3,L002,1872
2011-07-13T00:00:00,8,3,L002,2400
2011-07-14T00:00:00,8,3,L002,2400
2011-07-15T00:00:00,8,3,L002,2112
2011-07-16T00:00:00,8,3,L002,2400
2011-07-17T00:00:00,8,3,L002,2400
2011-07-18T00:00:00,8,3,L002,1584
2011-07-19T00:00:00,8,3,L002,2400
2011-07-20T00:00:00,8,3,L002,2400
2011-07-21T00:00:00,8,3,L002,1536
2011-07-22T00:00:00,8,3,L002,2400
2011-07-23T00:00:00,8,3,L002,2400
2011-07-24T00:00:00,8,3,L002,1728
2011-07-25T00:00:00,8,3,L002,2400
2011-07-26T00:00:00,8,3,L002,2400
2011-07-27T00:00:00,8,3,L002,1896
2011-07-28T00:00:00,8,3,L002,2400
2011-07-29T00:00:00,8,3,L002,2400
2011-07-30T00:00:00,8,3,L002,1920
2011-07-31T00:00:00,8,3,L002,2400
2011-08-01T00:00:00,8,3,L002,2112
2011-08-02T00:00:00,8,3,L002,1512
2011-08-03T00:00:00,8,3,L002,2400
2011-08-04T00:00:00,8,3,L002,2400
2011-08-05T00:00:00,8,3,L002,2016
2011-08-06T00:00:00,8,3,L002,2400
2011-08-07T00:00:00,8,3,L002,2400
2011-08-08T00:00:00,8,3,L002,1584
2011-08-09T00:00:00,8,3,L002,2400
2011-08-10T00:00:00,8,3,L002,2400
2011-08-11T00:00:00,8,3,L002,1680
2011-08-12T00:00:00,8,3,L002,2400
2011-08-13T00:00:00,8,3,L002,2400
2011-08-14T00:00:00,8,3,L002,2088
2011-08-15T00:00:00,8,3,L002,2400
2011-08-16T00:00:00,8,3,L002,2400
2011-08-17T00:00:00,8,3,L002,1584
2011-08-18T00:00:00,8,3,L002,2400
2011-08-19T00:00:00,8,3,L002,2400
2011-08-20T00:00:00,8,3,L002,1824
2011-08-21T00:00:00,8,3,L002,2400
2011-08-22T00:00:00,8,3,L002,2400
2011-08-23T00:00:00,8,3,L002,1656
2011-08-24T00:00:00,8,3,L002,2400
2011-08-25T00:00:00,8,3,L002,2400
2011-08-26T00:00:00,8,3,L002,1464
2011-08-27T00:00:00,8,3,L002,2400
2011-08-28T00:00:00,8,3,L002,2400
2011-08-29T00:00:00,8,3,L002,1632
2011-08-30T00:00:00,8,3,L002,2400
2011-08-31T00:00:00,8,3,L002,2400
2011-09-01T00:00:00,8,3,L002,1577
2011-09-02T00:00:00,8,3,L002,2400
2011-09-03T00:00:00,8,3,L002,2400
2011-09-04T00:00:00,8,3,L002,1896
2011-09-05T00:00:00,8,3,L002,2400
2011-09-06T00:00:00,8,3,L002,2400
2011-09-07T00:00:00,8,3,L002,1704
2011-09-08T00:00:00,8,3,L002,2400
2011-09-09T00:00:00,8,3,L002,2400
2011-09-10T00:00:00,8,3,L002,1656
2011-09-11T00:00:00,8,3,L002,2400
2011-09-12T00:00:00,8,3,L002,2400
2011-09-13T00:00:00,8,3,L002,1800
2011-09-14T00:00:00,8,3,L002,2400
2011-09-15T00:00:00,8,3,L002,2400
2011-09-16T00:00:00,8,3,L002,1920
2011-09-17T00:00:00,8,3,L002,2400
2011-09-18T00:00:00,8,3,L002,2400
2011-09-19T00:00:00,8,3,L002,2160
2011-09-20T00:00:00,8,3,L002,2400
2011-09-21T00:00:00,8,3,L002,2400
2011-09-22T00:00:00,8,3,L002,2112
2011-09-23T00:00:00,8,3,L002,2400
2011-09-24T00:00:00,8,3,L002,2400
2011-09-25T00:00:00,8,3,L002,1944
2011-09-26T00:00:00,8,3,L002,2400
2011-09-27T00:00:00,8,3,L002,2400
2011-09-28T00:00:00,8,3,L002,1704
2011-09-29T00:00:00,8,3,L002,2400
2011-09-30T00:00:00,8,3,L002,2400
2011-10-01T00:00:00,8,3,L002,1750
2011-10-02T00:00:00,8,3,L002,2400
2011-10-03T00:00:00,8,3,L002,2400
2011-10-04T00:00:00,8,3,L002,1968
2011-10-05T00:00:00,8,3,L002,2400
2011-10-06T00:00:00,8,3,L002,2400
2011-10-07T00:00:00,8,3,L002,1992
2011-10-08T00:00:00,8,3,L002,2400
2011-10-09T00:00:00,8,3,L002,2400
2011-10-10T00:00:00,8,3,L002,1584
2011-10-11T00:00:00,8,3,L002,2400
2011-10-12T00:00:00,8,3,L002,2400
2011-10-13T00:00:00,8,3,L002,1992
2011-10-14T00:00:00,8,3,L002,2400
2011-10-15T00:00:00,8,3,L002,2400
2011-10-16T00:00:00,8,3,L002,1536
2011-10-17T00:00:00,8,3,L002,2400
2011-10-18T00:00:00,8,3,L002,2400
2011-10-19T00:00:00,8,3,L002,1560
2011-10-20T00:00:00,8,3,L002,2400
2011-10-21T00:00:00,8,3,L002,2400
2011-10-22T00:00:00,8,3,L002,1728
2011-10-23T00:00:00,8,3,L002,2400
2011-10-24T00:00:00,8,3,L002,2400
2011-10-25T00:00:00,8,3,L002,1872
2011-10-26T00:00:00,8,3,L002,2400
2011-10-27T00:00:00,8,3,L002,2400
2011-10-28T00:00:00,8,3,L002,1584
2011-10-29T00:00:00,8,3,L002,2400
2011-10-30T00:00:00,8,3,L002,2400
2011-10-31T00:00:00,8,3,L002,1800
2011-11-01T00:00:00,8,3,L002,2112
2011-11-02T00:00:00,8,3,L002,2400
2011-11-03T00:00:00,8,3,L002,1488
2011-11-04T00:00:00,8,3,L002,2400
2011-11-05T00:00:00,8,3,L002,2400
2011-11-06T00:00:00,8,3,L002,1728
2011-11-07T00:00:00,8,3,L002,2400
2011-11-08T00:00:00,8,3,L002,2400
2011-11-09T00:00:00,8,3,L002,1968
2011-11-10T00:00:00,8,3,L002,2400
2011-11-11T00:00:00,8,3,L002,2400
2011-11-12T00:00:00,8,3,L002,1776
2011-11-13T00:00:00,8,3,L002,2400
2011-11-14T00:00:00,8,3,L002,2400
2011-11-15T00:00:00,8,3,L002,2040
2011-11-16T00:00:00,8,3,L002,2400
2011-11-17T00:00:00,8,3,L002,2400
2011-11-18T00:00:00,8,3,L002,1584
2011-11-19T00:00:00,8,3,L002,2400
2011-11-20T00:00:00,8,3,L002,2400
2011-11-21T00:00:00,8,3,L002,1920
2011-11-22T00:00:00,8,3,L002,2400
2011-11-23T00:00:00,8,3,L002,2400
2011-11-24T00:00:00,8,3,L002,1536
2011-11-25T00:00:00,8,3,L002,2400
2011-11-26T00:00:00,8,3,L002,2400
2011-11-27T00:00:00,8,3,L002,1800
2011-11-28T00:00:00,8,3,L002,2400
2011-11-29T00:00:00,8,3,L002,2400
2011-11-30T00:00:00,8,3,L002,1560
2011-12-01T00:00:00,8,3,L002,2040
2011-12-02T00:00:00,8,3,L002,2400
2011-12-03T00:00:00,8,3,L002,1560
2011-12-04T00:00:00,8,3,L002,2400
2011-12-05T00:00:00,8,3,L002,2400
2011-12-06T00:00:00,8,3,L002,1632
2011-12-07T00:00:00,8,3,L002,2400
2011-12-08T00:00:00,8,3,L002,2400
2011-12-09T00:00:00,8,3,L002,1512
2011-12-10T00:00:00,8,3,L002,2400
2011-12-11T00:00:00,8,3,L002,2400
2011-12-12T00:00:00,8,3,L002,1680
2011-12-13T00:00:00,8,3,L002,2400
2011-12-14T00:00:00,8,3,L002,2400
2011-12-15T00:00:00,8,3,L002,1896
2011-12-16T00:00:00,8,3,L002,2400
2011-12-17T00:00:00,8,3,L002,2400
2011-12-18T00:00:00,8,3,L002,2016
2011-12-19T00:00:00,8,3,L002,2400
2011-12-20T00:00:00,8,3,L002,2400
2011-12-21T00:00:00,8,3,L002,1728
2011-12-22T00:00:00,8,3,L002,2400
2011-12-23T00:00:00,8,3,L002,2400
2011-12-24T00:00:00,8,3,L002,1440
2011-12-25T00:00:00,8,3,L002,2400
2011-12-26T00:00:00,8,3,L002,2400
2011-12-27T00:00:00,8,3,L002,1440
2011-12-28T00:00:00,8,3,L002,2400
2011-12-29T00:00:00,8,3,L002,2400
2011-12-30T00:00:00,8,3,L002,1800
2011-12-31T00:00:00,8,3,L002,2400
2012-01-01T00:00:00,8,3,L002,2112
2012-01-02T00:00:00,8,3,L002,1752
2012-01-03T00:00:00,8,3,L002,2400
2012-01-04T00:00:00,8,3,L002,2400
2012-01-05T00:00:00,8,3,L002,1728
2012-01-06T00:00:00,8,3,L002,2400
2012-01-07T00:00:00,8,3,L002,2400
2012-01-08T00:00:00,8,3,L002,1896
2012-01-09T00:00:00,8,3,L002,2400
2012-01-10T00:00:00,8,3,L002,2400
2012-01-11T00:00:00,8,3,L002,1440
2012-01-12T00:00:00,8,3,L002,2400
2012-01-13T00:00:00,8,3,L002,2400
2012-01-14T00:00:00,8,3,L002,2040
2012-01-15T00:00:00,8,3,L002,2400
2012-01-16T00:00:00,8,3,L002,2400
2012-01-17T00:00:00,8,3,L002,1992
2012-01-18T00:00:00,8,3,L002,2400
2012-01-19T00:00:00,8,3,L002,2400
2012-01-20T00:00:00,8,3,L002,1704
2012-01-21T00:00:00,8,3,L002,2400
2012-01-22T00:00:00,8,3,L002,2400
2012-01-23T00:00:00,8,3,L002,1536
2012-01-24T00:00:00,8,3,L002,2400
2012-01-25T00:00:00,8,3,L002,2400
2012-01-26T00:00:00,8,3,L002,1800
2012-01-27T00:00:00,8,3,L002,2400
2012-01-28T00:00:00,8,3,L002,2400
2012-01-29T00:00:00,8,3,L002,1608
2012-01-30T00:00:00,8,3,L002,2400
2012-01-31T00:00:00,8,3,L002,2400
2012-02-01T00:00:00,8,3,L002,1538
2012-02-02T00:00:00,8,3,L002,2400
2012-02-03T00:00:00,8,3,L002,2400
2012-02-04T00:00:00,8,3,L002,1488
2012-02-05T00:00:00,8,3,L002,2400
2012-02-06T00:00:00,8,3,L002,2400
2012-02-07T00:00:00,8,3,L002,1968
2012-02-08T00:00:00,8,3,L002,2400
2012-02-09T00:00:00,8,3,L002,2400
2012-02-10T00:00:00,8,3,L002,1680
2012-02-11T00:00:00,8,3,L002,2400
2012-02-12T00:00:00,8,3,L002,2400
2012-02-13T00:00:00,8,3,L002,1944
2012-02-14T00:00:00,8,3,L002,2400
2012-02-15T00:00:00,8,3,L002,2400
2012-02-16T00:00:00,8,3,L002,1944
2012-02-17T00:00:00,8,3,L002,2400
2012-02-18T00:00:00,8,3,L002,2400
2012-02-19T00:00:00,8,3,L002,1608
2012-02-20T00:00:00,8,3,L002,2400
2012-02-21T00:00:00,8,3,L002,2400
2012-02-22T00:00:00,8,3,L002,1536
2012-02-23T00:00:00,8,3,L002,2400
2012-02-24T00:00:00,8,3,L002,2400
2012-02-25T00:00:00,8,3,L002,1776
2012-02-26T00:00:00,8,3,L002,2400
2012-02-27T00:00:00,8,3,L002,2400
2012-02-28T00:00:00,8,3,L002,1608
2012-02-29T00:00:00,8,3,L002,2400
2012-03-01T00:00:00,8,3,L002,2040
2012-03-02T00:00:00,8,3,L002,1776
2012-03-03T00:00:00,8,3,L002,2400
2012-03-04T00:00:00,8,3,L002,2400
2012-03-05T00:00:00,8,3,L002,1560
2012-03-06T00:00:00,8,3,L002,2400
2012-03-07T00:00:00,8,3,L002,2400
2012-03-08T00:00:00,8,3,L002,1536
2012-03-09T00:00:00,8,3,L002,2400
2012-03-10T00:00:00,8,3,L002,2400
2012-03-11T00:00:00,8,3,L002,1848
2012-03-12T00:00:00,8,3,L002,2400
2012-03-13T00:00:00,8,3,L002,2400
2012-03-14T00:00:00,8,3,L002,1656
2012-03-15T00:00:00,8,3,L002,2400
2012-03-16T00:00:00,8,3,L002,2400
2012-03-17T00:00:00,8,3,L002,2112
2012-03-18T00:00:00,8,3,L002,2400
2012-03-19T00:00:00,8,3,L002,2400
2012-03-20T00:00:00,8,3,L002,2040
2012-03-21T00:00:00,8,3,L002,2400
2012-03-22T00:00:00,8,3,L002,2400
2012-03-23T00:00:00,8,3,L002,1896
2012-03-24T00:00:00,8,3,L002,2400
2012-03-25T00:00:00,8,3,L002,2400
2012-03-26T00:00:00,8,3,L002,1656
2012-03-27T00:00:00,8,3,L002,2400
2012-03-28T00:00:00,8,3,L002,2400
2012-03-29T00:00:00,8,3,L002,2088
2012-03-30T00:00:00,8,3,L002,2400
2012-03-31T00:00:00,8,3,L002,2400
2012-04-01T00:00:00,8,3,L002,1303
2012-04-02T00:00:00,8,3,L002,2400
2012-04-03T00:00:00,8,3,L002,2400
2012-04-04T00:00:00,8,3,L002,1512
2012-04-05T00:00:00,8,3,L002,2400
2012-04-06T00:00:00,8,3,L002,2400
2012-04-07T00:00:00,8,3,L002,1848
2012-04-08T00:00:00,8,3,L002,2400
2012-04-09T00:00:00,8,3,L002,2400
2012-04-10T00:00:00,8,3,L002,1632
2012-04-11T00:00:00,8,3,L002,2400
2012-04-12T00:00:00,8,3,L002,2400
2012-04-13T00:00:00,8,3,L002,1632
2012-04-14T00:00:00,8,3,L002,2400
2012-04-15T00:00:00,8,3,L002,2400
2012-04-16T00:00:00,8,3,L002,1800
2012-04-17T00:00:00,8,3,L002,2400
2012-04-18T00:00:00,8,3,L002,2400
2012-04-19T00:00:00,8,3,L002,1656
2012-04-20T00:00:00,8,3,L002,2400
2012-04-21T00:00:00,8,3,L002,2400
2012-04-22T00:00:00,8,3,L002,1728
2012-04-23T00:00:00,8,3,L002,2400
2012-04-24T00:00:00,8,3,L002,2400
2012-04-25T00:00:00,8,3,L002,1464
2012-04-26T00:00:00,8,3,L002,2400
2012-04-27T00:00:00,8,3,L002,2400
2012-04-28T00:00:00,8,3,L002,1944
2012-04-29T00:00:00,8,3,L002,2400
2012-04-30T00:00:00,8,3,L002,2400
2012-05-01T00:00:00,8,3,L002,1447
2012-05-02T00:00:00,8,3,L002,2400
2012-05-03T00:00:00,8,3,L002,2400
2012-05-04T00:00:00,8,3,L002,1536
2012-05-05T00:00:00,8,3,L002,2400
2012-05-06T00:00:00,8,3,L002,2400
2012-05-07T00:00:00,8,3,L002,1824
2012-05-08T00:00:00,8,3,L002,2400
2012-05-09T00:00:00,8,3,L002,2400
2012-05-10T00:00:00,8,3,L002,1656
2012-05-11T00:00:00,8,3,L002,2400
2012-05-12T00:00:00,8,3,L002,2400
2012-05-13T00:00:00,8,3,L002,1944
2012-05-14T00:00:00,8,3,L002,2400
2012-05-15T00:00:00,8,3,L002,2400
2012-05-16T00:00:00,8,3,L002,2040
2012-05-17T00:00:00,8,3,L002,2400
2012-05-18T00:00:00,8,3,L002,2400
2012-05-19T00:00:00,8,3,L002,2160
2012-05-20T00:00:00,8,3,L002,2400
2012-05-21T00:00:00,8,3,L002,2400
2012-05-22T00:00:00,8,3,L002,1992
2012-05-23T00:00:00,8,3,L002,2400
2012-05-24T00:00:00,8,3,L002,2400
2012-05-25T00:00:00,8,3,L002,1728
2012-05-26T00:00:00,8,3,L002,2400
2012-05-27T00:00:00,8,3,L002,2400
2012-05-28T00:00:00,8,3,L002,1992
2012-05-29T00:00:00,8,3,L002,2400
2012-05-30T00:00:00,8,3,L002,2400
2012-05-31T00:00:00,8,3,L002,1512
2012-06-01T00:00:00,8,3,C001,100
2012-06-02T00:00:00,8,3,C001,112
2012-06-03T00:00:00,8,3,C001,78
2012-06-04T00:00:00,8,3,C001,112
2012-06-05T00:00:00,8,3,C001,112
2012-06-06T00:00:00,8,3,C001,85
2012-06-07T00:00:00,8,3,C001,112
2012-06-08T00:00:00,8,3,C001,112
2012-06-09T00:00:00,8,3,C001,68
2012-06-10T00:00:00,8,3,C001,112
2012-06-11T00:00:00,8,3,C001,112
2012-06-12T00:00:00,8,3,C001,86
2012-06-13T00:00:00,8,3,C001,112
2012-06-14T00:00:00,8,3,C001,112
2012-06-15T00:00:00,8,3,C001,73
2012-06-16T00:00:00,8,3,C001,112
2012-06-17T00:00:00,8,3,C001,112
2012-06-18T00:00:00,8,3,C001,101
2012-06-19T00:00:00,8,3,C001,112
2012-06-20T00:00:00,8,3,C001,112
2012-06-21T00:00:00,8,3,C001,95
2012-06-22T00:00:00,8,3,C001,112
2012-06-23T00:00:00,8,3,C001,112
2012-06-24T00:00:00,8,3,C001,88
2012-06-25T00:00:00,8,3,C001,112
2012-06-26T00:00:00,8,3,C001,112
2012-06-27T00:00:00,8,3,C001,68
2012-06-28T00:00:00,8,3,C001,112
2012-06-29T00:00:00,8,3,C001,112
2012-06-30T00:00:00,8,3,C001,93
2012-07-01T00:00:00,8,3,C001,95
2012-07-02T00:00:00,8,3,C001,112
2012-07-03T00:00:00,8,3,C001,100
2012-07-04T00:00:00,8,3,C001,112
2012-07-05T00:00:00,8,3,C001,112
2012-07-06T00:00:00,8,3,C001,84
2012-07-07T00:00:00,8,3,C001,112
2012-07-08T00:00:00,8,3,C001,112
2012-07-09T00:00:00,8,3,C001,99
2012-07-10T00:00:00,8,3,C001,112
2012-07-11T00:00:00,8,3,C001,112
2012-07-12T00:00:00,8,3,C001,92
2012-07-13T00:00:00,8,3,C001,112
2012-07-14T00:00:00,8,3,C001,112
2012-07-15T00:00:00,8,3,C001,74
2012-07-16T00:00:00,8,3,C001,112
2012-07-17T00:00:00,8,3,C001,112
2012-07-18T00:00:00,8,3,C001,83
2012-07-19T00:00:00,8,3,C001,112
2012-07-20T00:00:00,8,3,C001,112
2012-07-21T00:00:00,8,3,C001,95
2012-07-22T00:00:00,8,3,C001,112
2012-07-23T00:00:00,8,3,C001,112
2012-07-24T00:00:00,8,3,C001,97
2012-07-25T00:00:00,8,3,C001,112
2012-07-26T00:00:00,8,3,C001,112
2012-07-27T00:00:00,8,3,C001,93
2012-07-28T00:00:00,8,3,C001,112
2012-07-29T00:00:00,8,3,C001,112
2012-07-30T00:00:00,8,3,C001,97
2012-07-31T00:00:00,8,3,C001,112
2012-08-01T00:00:00,8,3,C001,99
2012-08-02T00:00:00,8,3,C001,93
2012-08-03T00:00:00,8,3,C001,112
2012-08-04T00:00:00,8,3,C001,112
2012-08-05T00:00:00,8,3,C001,92
2012-08-06T00:00:00,8,3,C001,112
2012-08-07T00:00:00,8,3,C001,112
2012-08-08T00:00:00,8,3,C001,69
2012-08-09T00:00:00,8,3,C001,112
2012-08-10T00:00:00,8,3,C001,112
2012-08-11T00:00:00,8,3,C001,69
2012-08-12T00:00:00,8,3,C001,112
2012-08-13T00:00:00,8,3,C001,112
2012-08-14T00:00:00,8,3,C001,92
2012-08-15T00:00:00,8,3,C001,112
2012-08-16T00:00:00,8,3,C001,112
2012-08-17T00:00:00,8,3,C001,84
2012-08-18T00:00:00,8,3,C001,112
2012-08-19T00:00:00,8,3,C001,112
2012-08-20T00:00:00,8,3,C001,95
2012-08-21T00:00:00,8,3,C001,112
2012-08-22T00:00:00,8,3,C001,112
2012-08-23T00:00:00,8,3,C001,80
2012-08-24T00:00:00,8,3,C001,112
2012-08-25T00:00:00,8,3,C001,112
2012-08-26T00:00:00,8,3,C001,92
2012-08-27T00:00:00,8,3,C001,112
2012-08-28T00:00:00,8,3,C001,112
2012-08-29T00:00:00,8,3,C001,77
2012-08-30T00:00:00,8,3,C001,112
2012-08-31T00:00:00,8,3,C001,112
2012-09-01T00:00:00,8,3,C001,79
2012-09-02T00:00:00,8,3,C001,112
2012-09-03T00:00:00,8,3,C001,112
2012-09-04T00:00:00,8,3,C001,97
2012-09-05T00:00:00,8,3,C001,112
2012-09-06T00:00:00,8,3,C001,112
2012-09-07T00:00:00,8,3,C001,90
2012-09-08T00:00:00,8,3,C001,112
2012-09-09T00:00:00,8,3,C001,112
2012-09-10T00:00:00,8,3,C001,69
2012-09-11T00:00:00,8,3,C001,112
2012-09-12T00:00:00,8,3,C001,112
2012-09-13T00:00:00,8,3,C001,96
2012-09-14T00:00:00,8,3,C001,112
2012-09-15T00:00:00,8,3,C001,112
2012-09-16T00:00:00,8,3,C001,81
2012-09-17T00:00:00,8,3,C001,112
2012-09-18T00:00:00,8,3,C001,112
2012-09-19T00:00:00,8,3,C001,82
2012-09-20T00:00:00,8,3,C001,112
2012-09-21T00:00:00,8,3,C001,112
2012-09-22T00:00:00,8,3,C001,67
2012-09-23T00:00:00,8,3,C001,112
2012-09-24T00:00:00,8,3,C001,112
2012-09-25T00:00:00,8,3,C001,84
2012-09-26T00:00:00,8,3,C001,112
2012-09-27T00:00:00,8,3,C001,112
2012-09-28T00:00:00,8,3,C001,75
2012-09-29T00:00:00,8,3,C001,112
2012-09-30T00:00:00,8,3,C001,112
2012-10-01T00:00:00,8,3,L001,2203
2012-10-02T00:00:00,8,3,L001,3200
2012-10-03T00:00:00,8,3,L001,3200
2012-10-04T00:00:00,8,3,L001,2816
2012-10-05T00:00:00,8,3,L001,3200
2012-10-06T00:00:00,8,3,L001,3200
2012-10-07T00:00:00,8,3,L001,2400
2012-10-08T00:00:00,8,3,L001,3200
2012-10-09T00:00:00,8,3,L001,3200
2012-10-10T00:00:00,8,3,L001,2112
2012-10-11T00:00:00,8,3,L001,3200
2012-10-12T00:00:00,8,3,L001,3200
2012-10-13T00:00:00,8,3,L001,2080
2012-10-14T00:00:00,8,3,L001,3200
2012-10-15T00:00:00,8,3,L001,3200
2012-10-16T00:00:00,8,3,L001,2432
2012-10-17T00:00:00,8,3,L001,3200
2012-10-18T00:00:00,8,3,L001,3200
2012-10-19T00:00:00,8,3,L001,2368
2012-10-20T00:00:00,8,3,L001,3200
2012-10-21T00:00:00,8,3,L001,3200
2012-10-22T00:00:00,8,3,L001,2560
2012-10-23T00:00:00,8,3,L001,3200
2012-10-24T00:00:00,8,3,L001,3200
2012-10-25T00:00:00,8,3,L001,2560
2012-10-26T00:00:00,8,3,L001,3200
2012-10-27T00:00:00,8,3,L001,3200
2012-10-28T00:00:00,8,3,L001,2592
2012-10-29T00:00:00,8,3,L001,3200
2012-10-30T00:00:00,8,3,L001,3200
2012-10-31T00:00:00,8,3,L001,2304
2012-11-01T00:00:00,8,3,L001,2752
2012-11-02T00:00:00,8,3,L001,3200
2012-11-03T00:00:00,8,3,L001,2656
2012-11-04T00:00:00,8,3,L001,3200
2012-11-05T00:00:00,8,3,L001,3200
2012-11-06T00:00:00,8,3,L001,2368
2012-11-07T00:00:00,8,3,L001,3200
2012-11-08T00:00:00,8,3,L001,3200
2012-11-09T00:00:00,8,3,L001,1984
2012-11-10T00:00:00,8,3,L001,3200
2012-11-11T00:00:00,8,3,L001,3200
2012-11-12T00:00:00,8,3,L001,2176
2012-11-13T00:00:00,8,3,L001,3200
2012-11-14T00:00:00,8,3,L001,3200
2012-11-15T00:00:00,8,3,L001,2432
2012-11-16T00:00:00,8,3,L001,3200
2012-11-17T00:00:00,8,3,L001,3200
2012-11-18T00:00:00,8,3,L001,2624
2012-11-19T00:00:00,8,3,L001,3200
2012-11-20T00:00:00,8,3,L001,3200
2012-11-21T00:00:00,8,3,L001,2048
2012-11-22T00:00:00,8,3,L001,3200
2012-11-23T00:00:00,8,3,L001,3200
2012-11-24T00:00:00,8,3,L001,2304
2012-11-25T00:00:00,8,3,L001,3200
2012-11-26T00:00:00,8,3,L001,3200
2012-11-27T00:00:00,8,3,L001,2656
2012-11-28T00:00:00,8,3,L001,3200
2012-11-29T00:00:00,8,3,L001,3200
2012-11-30T00:00:00,8,3,L001,2592
2012-12-01T00:00:00,8,3,L001,2816
2012-12-02T00:00:00,8,3,L001,3200
2012-12-03T00:00:00,8,3,L001,2464
2012-12-04T00:00:00,8,3,L001,3200
2012-12-05T00:00:00,8,3,L001,3200
2012-12-06T00:00:00,8,3,L001,2656
2012-12-07T00:00:00,8,3,L001,3200
2012-12-08T00:00:00,8,3,L001,3200
2012-12-09T00:00:00,8,3,L001,2688
2012-12-10T00:00:00,8,3,L001,3200
2012-12-11T00:00:00,8,3,L001,3200
2012-12-12T00:00:00,8,3,L001,2016
2012-12-13T00:00:00,8,3,L001,3200
2012-12-14T00:00:00,8,3,L001,3200
2012-12-15T00:00:00,8,3,L001,2240
2012-12-16T00:00:00,8,3,L001,3200
2012-12-17T00:00:00,8,3,L001,3200
2012-12-18T00:00:00,8,3,L001,2464
2012-12-19T00:00:00,8,3,L001,3200
2012-12-20T00:00:00,8,3,L001,3200
2012-12-21T00:00:00,8,3,L001,2080
2012-12-22T00:00:00,8,3,L001,3200
2012-12-23T00:00:00,8,3,L001,3200
2012-12-24T00:00:00,8,3,L001,2304
2012-12-25T00:00:00,8,3,L001,3200
2012-12-26T00:00:00,8,3,L001,3200
2012-12-27T00:00:00,8,3,L001,2016
2012-12-28T00:00:00,8,3,L001,3200
2012-12-29T00:00:00,8,3,L001,3200
2012-12-30T00:00:00,8,3,L001,2624
2012-12-31T00:00:00,8,3,L001,3200